"","PMID","design","host","doi","title"
"1",32012716,"cross-sectional observational, not case-control","Homo sapiens","10.3390/microorganisms8020179","Prenatal and Peripartum Exposure to Antibiotics and Cesarean Section Delivery Are Associated with Differences in Diversity and Composition of the Infant Meconium Microbiome"
"2",32938282,"case-control","Homo sapiens","10.1177/0300060520936806","Characteristics of the intestinal flora in patients with peripheral neuropathy associated with type 2 diabetes"
"3",30565661,"cross-sectional observational, not case-control","Homo sapiens","10.1002/ijc.32007","Alterations in the gut microbiota and metabolite profiles of thyroid carcinoma patients"
"4",30291996,"cross-sectional observational, not case-control","Homo sapiens","10.1016/j.eplepsyres.2018.09.013","Altered composition of the gut microbiome in patients with drug-resistant epilepsy"
"5",31836795,"case-control","Homo sapiens","10.1038/s41598-019-55667-w","Oral Microbiome in Patients with Oesophageal Squamous Cell Carcinoma"
"6",34268384,"case-control","Homo sapiens","10.21037/atm-20-4586","The role of the vaginal microbiome in distinguishing female chronic pelvic pain caused by endometriosis/adenomyosis"
"7",30483228,"case-control","Homo sapiens","10.3389/fmicb.2018.02682","Alterations of Gut Microbiota in Cholestatic Infants and Their Correlation With Hepatic Function"
"8",28875948,"case-control","Homo sapiens","10.1088/1752-7163/aa7c24","The tongue microbiome in healthy subjects and patients with intra-oral halitosis"
"9",24448554,"cross-sectional observational, not case-control","Homo sapiens","10.1038/srep03814","Fecal microbiota imbalance in Mexican children with type 1 diabetes"
"10",22762355,"case-control","Homo sapiens","10.1111/j.1600-0765.2012.01498.x","Subgingival biodiversity in subjects with uncontrolled type-2 diabetes and chronic periodontitis"
"11",30904962,"case-control","Homo sapiens","10.1186/s13568-019-0763-z","Altered diversity and composition of the gut microbiome in patients with cervical cancer"
"12",30497517,"cross-sectional observational, not case-control","Homo sapiens","10.1186/s40168-018-0588-z","Understanding the microbial basis of body odor in pre-pubescent children and teenagers"
"13",32143621,"case-control","Homo sapiens","10.1186/s12934-020-01319-y","Metatranscriptomic analysis to define the Secrebiome, and 16S rRNA profiling of the gut microbiome in obesity and metabolic syndrome of Mexican children"
"14",29459704,"cross-sectional observational, not case-control","Homo sapiens","10.1038/s41598-018-21657-7","Initial meconium microbiome in Chinese neonates delivered naturally or by cesarean section"
"15",20140211,"case-control","Homo sapiens","10.1371/journal.pone.0009085","Gut microbiota in human adults with type 2 diabetes differs from non-diabetic adults"
"16",33789966,"cross-sectional observational, not case-control","Homo sapiens","10.1136/gutjnl-2020-323826","Alterations in the human oral and gut microbiomes and lipidomics in COVID-19"
"17",29353409,"case-control","Homo sapiens","10.1007/s00240-018-1037-y","16S rRNA gene sequencing reveals altered composition of gut microbiota in individuals with kidney stones"
"18",24223144,"cross-sectional observational, not case-control","Homo sapiens","10.1371/journal.pone.0078257","Diversified microbiota of meconium is affected by maternal diabetes status"
"19",28320465,"case-control","Homo sapiens","10.1186/s40168-017-0250-1","Reduced microbial diversity in adult survivors of childhood acute lymphoblastic leukemia and microbial associations with increased immune activation"
"20",28118207,"cross-sectional observational, not case-control","Homo sapiens","10.1097/QAD.0000000000001409","Rectal microbiota among HIV-uninfected, untreated HIV, and treated HIV-infected in Nigeria"
"21",30366816,"cross-sectional observational, not case-control","Homo sapiens","10.1016/j.ebiom.2018.10.037","Gut microbiota and plasma metabolites associated with diabetes in women with, or at high risk for, HIV infection"
"22",32640977,"cross-sectional observational, not case-control","Homo sapiens","10.1186/s12866-020-01883-8","Tongue microbiome of smokeless tobacco users"
"23",31764438,"case-control","Homo sapiens","10.1097/MPG.0000000000002461","Variation of Gut Mucosal Microbiome With Anti-Saccharomyces cerevisiae Antibody Status in Pediatric Crohn Disease"
"24",25599982,"case-control","Homo sapiens","10.1111/cea.12487","Infant gut microbiota and food sensitization: associations in the first year of life"
"25",32046455,"cross-sectional observational, not case-control","Homo sapiens","10.1007/s43032-019-00113-5","The Vaginal Microbiome as a Tool to Predict rASRM Stage of Disease in Endometriosis: a Pilot Study"
"26",20603222,"case-control","Homo sapiens","10.1016/j.anaerobe.2010.06.008","Pyrosequencing study of fecal microflora of autistic and control children"
"27",29580894,"cross-sectional observational, not case-control","Homo sapiens","10.1016/j.bbr.2018.03.036","Gut microbiota profiles in treatment-naïve children with attention deficit hyperactivity disorder"
"28",33490017,"cross-sectional observational, not case-control","Homo sapiens","10.3389/fpubh.2020.587298","Depiction of Vaginal Microbiota in Women With High-Risk Human Papillomavirus Infection"
"29",31289031,"case-control","Homo sapiens","10.1182/bloodadvances.2019032276","Minimal residual disease negativity in multiple myeloma is associated with intestinal microbiota composition"
"30",29502926,"case-control","Homo sapiens","10.1016/j.numecd.2018.01.004","Phenylketonuric diet negatively impacts on butyrate production"
"31",31502207,"case-control","Homo sapiens","10.1007/s40257-019-00471-5","Characterization and Analysis of the Skin Microbiota in Rosacea: A Case-Control Study"
"32",30042470,"cross-sectional observational, not case-control","Homo sapiens","10.1038/s41372-018-0172-1","Maternal antimicrobial use at delivery has a stronger impact than mode of delivery on bifidobacterial colonization in infants: a pilot study"
"33",33577896,"case-control","Homo sapiens","10.1016/j.jaci.2021.02.001","SARS-CoV-2 infection and viral load are associated with the upper respiratory tract microbiome"
"34",30300382,"case-control","Homo sapiens","10.1371/journal.pone.0204674","Carious status and supragingival plaque microbiota in hemodialysis patients"
"35",28863139,"case-control","Homo sapiens","10.1371/journal.pone.0183509","Gut microbiome in ADHD and its relation to neural reward anticipation"
"36",28725009,"case-control","Homo sapiens","10.1038/s41598-017-06361-2","The salivary microbiome as an indicator of carcinogenesis in patients with oropharyngeal squamous cell carcinoma: A pilot study"
"37",30122883,"case-control","Homo sapiens","10.3748/wjg.v24.i30.3448","Altered oral microbiota in chronic hepatitis B patients with different tongue coatings"
"38",32065949,"case-control","Homo sapiens","10.1016/j.jpsychires.2020.02.005","Alteration of the gut microbiome in first-episode drug-naïve and chronic medicated schizophrenia correlate with regional brain volumes"
"39",31678982,"case-control","Homo sapiens","10.12659/MSM.919988","Fecal Microbiota Taxonomic Shifts in Chinese Multiple Myeloma Patients Analyzed by Quantitative Polimerase Chain Reaction (QPCR) and 16S rRNA High-Throughput Sequencing"
"40",29318631,"case-control","Homo sapiens","10.1111/all.13389","Early-life gut microbiome and egg allergy"
"41",27634868,"case-control","Homo sapiens","10.1042/CS20160349","Shifts in Lachnospira and Clostridium sp. in the 3-month stool microbiome are associated with preschool age asthma"
"42",30342346,"case-control","Homo sapiens","10.1016/j.intimp.2018.10.017","Oral microbiota dysbiosis and its association with Henoch-Schönlein Purpura in children"
"43",25882912,"case-control","Homo sapiens","10.1016/j.bbi.2015.03.016","Altered fecal microbiota composition in patients with major depressive disorder"
"44",29102920,"case-control","Homo sapiens","10.1136/gutjnl-2017-314205","Gastric microbial community profiling reveals a dysbiotic cancer-associated microbiota"
"45",23717441,"cross-sectional observational, not case-control","Homo sapiens","10.1371/journal.pone.0063514","Association of the vaginal microbiota with human papillomavirus infection in a Korean twin cohort"
"46",28035686,"cross-sectional observational, not case-control","Homo sapiens","10.1002/phar.1890","Interaction Between Atypical Antipsychotics and the Gut Microbiome in a Bipolar Disease Cohort"
"47",31555603,"cross-sectional observational, not case-control","Homo sapiens","10.3389/fcimb.2019.00294","Patients With LR-HPV Infection Have a Distinct Vaginal Microbiota in Comparison With Healthy Controls"
"48",34425246,"cross-sectional observational, not case-control","Homo sapiens","10.1016/j.micinf.2021.104880","Nasopharyngeal microbiome reveals the prevalence of opportunistic pathogens in SARS-CoV-2 infected individuals and their association with host types"
"49",23631345,"cross-sectional observational, not case-control","Homo sapiens","10.1186/1757-4749-5-10","Differences in gut microbiota composition between obese and lean children: a cross-sectional study"
"50",32468338,"cross-sectional observational, not case-control","Homo sapiens","10.1007/s10549-020-05702-6","Gut microbiome associations with breast cancer risk factors and tumor characteristics: a pilot study"
"51",30459400,"case-control","Homo sapiens","10.1038/s41598-018-35473-6","Variations in oral microbiome profiles in rheumatoid arthritis and osteoarthritis with potential biomarkers for arthritis screening"
"52",34168484,"cross-sectional observational, not case-control","Homo sapiens","10.2147/JIR.S311518","Gut Microbiota Dysbiosis Correlates with Abnormal Immune Response in Moderate COVID-19 Patients with Fever"
"53",29023689,"case-control","Homo sapiens","10.1002/ijc.31098","Difference of lower airway microbiome in bilateral protected specimen brush between lung cancer patients with unilateral lobar masses and control subjects"
"54",30123780,"case-control","Homo sapiens","10.3389/fcimb.2018.00267","The Performance of an Oral Microbiome Biomarker Panel in Predicting Oral Cavity and Oropharyngeal Cancers"
"55",28018325,"case-control","Homo sapiens","10.3389/fmicb.2016.01997","Sensitive Quantitative Analysis of the Meconium Bacterial Microbiota in Healthy Term Infants Born Vaginally or by Cesarean Section"
"56",33815323,"cross-sectional observational, not case-control","Homo sapiens","10.3389/fmicb.2021.637430","Nasopharyngeal Microbial Communities of Patients Infected With SARS-CoV-2 That Developed COVID-19"
"57",26963804,"case-control","Homo sapiens","10.1080/19490976.2016.1162363","The microbiome of the oral mucosa in irritable bowel syndrome"
"58",31595156,"case-control","Homo sapiens","10.7150/ijbs.35980","Dysbiosis of the Gut Microbiome is associated with Tumor Biomarkers in Lung Cancer"
"59",31752810,"cross-sectional observational, not case-control","Homo sapiens","10.1186/s12903-019-0947-6","Comparative analysis of the oral microbiota between iron-deficiency anaemia (IDA) patients and healthy individuals by high-throughput sequencing"
"60",27283393,"case-control","Homo sapiens","10.1016/j.clim.2016.06.002","Sequencing of 16S rRNA reveals a distinct salivary microbiome signature in Behçet's disease"
"61",25432777,"case-control","Homo sapiens","10.15252/msb.20145645","Potential of fecal microbiota for early-stage detection of colorectal cancer"
"62",27499582,"case-control","Homo sapiens","10.3164/jcbn.15-152","Comparison of the gut microbial community between obese and lean peoples using 16S gene sequencing in a Japanese population"
"63",30257444,"cross-sectional observational, not case-control","Homo sapiens","10.3390/microorganisms6040098","Gut Microbiota in Patients with Different Metabolic Statuses: Moscow Study"
"64",30894059,"cross-sectional observational, not case-control","Homo sapiens","10.1080/19490976.2019.1580097","Characterization of gut microbiota composition and functions in patients with chronic alcohol overconsumption"
"65",31358825,"case-control","Homo sapiens","10.1038/s41598-019-45588-z","Enterotype-based Analysis of Gut Microbiota along the Conventional Adenoma-Carcinoma Colorectal Cancer Pathway"
"66",30576008,"case-control","Homo sapiens","10.1002/mds.27581","Unraveling gut microbiota in Parkinson's disease and atypical parkinsonism"
"67",30508628,"case-control","Homo sapiens","10.1016/j.micpath.2018.11.051","Microbial biomarkers of common tongue coatings in patients with gastric cancer"
"68",27346372,"case-control","Homo sapiens","10.1038/srep28484","Multiple sclerosis patients have a distinct gut microbiota compared to healthy controls"
"69",22339879,"case-control","Homo sapiens","10.1111/j.1365-2982.2012.01891.x","Alterations in composition and diversity of the intestinal microbiota in patients with diarrhea-predominant irritable bowel syndrome"
"70",26641451,"case-control","Homo sapiens","10.1371/journal.pone.0143603","Oral Microbiota and Risk for Esophageal Squamous Cell Carcinoma in a High-Risk Area of China"
"71",NA,"cross-sectional observational, not case-control","Homo sapiens","https://doi.org/10.1101/2020.08.20.20144014",NA
"72",23526699,"case-control","Homo sapiens","10.1002/oby.20466","Human intestinal microbiota composition is associated with local and systemic inflammation in obesity"
"73",30714640,"case-control","Homo sapiens","10.1002/jcla.22842","Association between blood microbiome and type 2 diabetes mellitus: A nested case-control study"
"74",25052961,"case-control","Homo sapiens","10.1111/hel.12145","Differences in gastric mucosal microbiota profiling in patients with chronic gastritis, intestinal metaplasia, and gastric cancer using pyrosequencing methods"
"75",31065547,"case-control","Homo sapiens","10.3389/fcimb.2019.00112","Dysbiosis of the Gut Microbiome in Lung Cancer"
"76",32747678,"case-control","Homo sapiens","10.1038/s41598-020-69845-8","The alteration of gut microbiome and metabolism in amyotrophic lateral sclerosis patients"
"77",34294722,"cross-sectional observational, not case-control","Homo sapiens","10.1038/s41522-021-00232-5","Altered oral and gut microbiota and its association with SARS-CoV-2 viral load in COVID-19 patients during hospitalization"
"78",27742762,"case-control","Homo sapiens","10.1136/gutjnl-2016-312580","Human oral microbiome and prospective risk for pancreatic cancer: a population-based nested case-control study"
"79",30962186,"cross-sectional observational, not case-control","Homo sapiens","10.2215/CJN.12161018","Blood Microbiome Profile in CKD : A Pilot Study"
"80",30675188,"cross-sectional observational, not case-control","Homo sapiens","10.1186/s13099-018-0281-6","Alteration in gut microbiota associated with hepatitis B and non-hepatitis virus related hepatocellular carcinoma"
"81",32466801,"case-control","Homo sapiens","10.1186/s40168-020-00854-5","Alterations of gut microbiome accelerate multiple myeloma progression by increasing the relative abundances of nitrogen-recycling bacteria"
"82",30841606,"case-control","Homo sapiens","10.3390/cancers11030309","Compositional and Functional Differences between Microbiota and Cervical Carcinogenesis as Identified by Shotgun Metagenomic Sequencing"
"83",30224347,"case-control","Homo sapiens","10.2337/dc18-0253","Gut Microbiota Differs in Composition and Functionality Between Children With Type 1 Diabetes and MODY2 and Healthy Control Subjects: A Case-Control Study"
"84",31428073,"case-control","Homo sapiens","10.3389/fmicb.2019.01780","Characteristics of the Salivary Microbiota in Patients With Various Digestive Tract Cancers"
"85",32415070,"case-control","Homo sapiens","https://doi.org/10.1038/s41467-020-16222-8","HIV-associated gut dysbiosis is independent of sexual practice and correlates with noncommunicable diseases"
"86",28903182,"case-control","Homo sapiens","10.1016/j.biopha.2017.08.101","Molecular estimation of alteration in intestinal microbial composition in Hashimoto's thyroiditis patients"
"87",30157754,"case-control","Homo sapiens","10.1186/s12866-018-1232-6","Changes in gut microbiota and plasma inflammatory factors across the stages of colorectal tumorigenesis: a case-control study"
"88",30280027,"case-control","Homo sapiens","10.7717/peerj.5649","Molecular analysis of oral microflora in patients with primary Sjögren's syndrome by using high-throughput sequencing"
"89",30267022,"case-control","Homo sapiens","10.1038/s41598-018-32730-6","A study of the correlation between obesity and intestinal flora in school-age children"
"90",25763184,"cross-sectional observational, not case-control","Homo sapiens","10.1186/s40168-015-0072-y","16S gut community of the Cameron County Hispanic Cohort"
"91",23071781,"case-control","Homo sapiens","10.1371/journal.pone.0047305","The lung microbiome in moderate and severe chronic obstructive pulmonary disease"
"92",28932201,"cross-sectional observational, not case-control","Homo sapiens","10.3389/fphys.2017.00675","The Placental Microbiota Is Altered among Subjects with Gestational Diabetes Mellitus: A Pilot Study"
"93",30584306,"case-control","Homo sapiens","10.2147/NDT.S188340","Possible association of Firmicutes in the gut microbiota of patients with major depressive disorder"
"94",30081953,"case-control","Homo sapiens","10.1186/s40168-018-0515-3","Breast cancer in postmenopausal women is associated with an altered gut metagenome"
"95",30541450,"cross-sectional observational, not case-control","Homo sapiens","10.1186/s12866-018-1362-x","Diet, physical activity and screen time but not body mass index are associated with the gut microbiome of a diverse cohort of college students living in university housing: a cross-sectional study"
"96",28968427,"cross-sectional observational, not case-control","Homo sapiens","10.1371/journal.pone.0185569","Evolution in fecal bacterial/viral composition in infants of two central African countries (Gabon and Republic of the Congo) during their first month of life"
"97",29434076,"case-control","Homo sapiens","10.1620/tjem.244.113","Differences in Gut Microbiota Profiles between Autoimmune Pancreatitis and Chronic Pancreatitis"
"98",27352007,"case-control","Homo sapiens","10.1038/ncomms12015","Alterations of the human gut microbiome in multiple sclerosis"
"99",29052232,"case-control","Homo sapiens","10.1111/all.13331","Different functional genes of upper airway microbiome associated with natural course of childhood asthma"
"100",27362264,"cross-sectional observational, not case-control","Homo sapiens","10.1371/journal.pone.0158498","Early-Life Events, Including Mode of Delivery and Type of Feeding, Siblings and Gender, Shape the Developing Gut Microbiota"
"101",26279179,"cross-sectional observational, not case-control","Homo sapiens","10.1038/srep13212","The stool microbiota of insulin resistant women with recent gestational diabetes, a high risk group for type 2 diabetes"
"102",33977168,"case-control","Homo sapiens","10.1016/j.genrep.2021.101200","Diversity and genomic determinants of the microbiomes associated with COVID-19 and non-COVID respiratory diseases"
"103",26062721,"cross-sectional observational, not case-control","Homo sapiens","10.1017/S0950268815000965","Prevalent high-risk HPV infection and vaginal microbiota in Nigerian women"
"104",29596446,"cross-sectional observational, not case-control","Homo sapiens","10.1371/journal.pone.0194171","Gut microbiota varies by opioid use, circulating leptin and oxytocin in African American men with diabetes and high burden of chronic disease"
"105",34031657,"case-control","Homo sapiens","https://doi.org/10.1101/2021.05.20.445008","Acute SARS-CoV-2 infection is associated with an expansion of bacteria pathogens in the nose including <i>Pseudomonas Aeruginosa</i>"
"106",30972048,"cross-sectional observational, not case-control","Homo sapiens","10.3389/fmicb.2019.00598","The Perturbation of Infant Gut Microbiota Caused by Cesarean Delivery Is Partially Restored by Exclusive Breastfeeding"
"107",32158702,"case-control","Homo sapiens","10.3389/fcimb.2020.00063","Gut Microbiome Profiles Are Associated With Type 2 Diabetes in Urban Africans"
"108",19849869,"case-control","Homo sapiens","10.1017/S0007114509992182","Quantitative differences in intestinal Faecalibacterium prausnitzii in obese Indian children"
"109",32442562,"case-control","Homo sapiens","10.1053/j.gastro.2020.05.048","Alterations in Gut Microbiota of Patients With COVID-19 During Time of Hospitalization"
"110",30791484,"cross-sectional observational, not case-control","Homo sapiens","10.3390/nu11020433","Daidzein Intake Is Associated with Equol Producing Status through an Increase in the Intestinal Bacteria Responsible for Equol Production"
"111",19533811,"case-control","Homo sapiens","10.3748/wjg.15.2887","Lower Bifidobacteria counts in both duodenal mucosa-associated and fecal microbiota in irritable bowel syndrome patients"
"112",26600078,"case-control","Homo sapiens","10.1002/hep.28356","The severity of nonalcoholic fatty liver disease is associated with gut dysbiosis and shift in the metabolic function of the gut microbiota"
"113",33207260,"cross-sectional observational, not case-control","Homo sapiens","10.1016/j.micpath.2020.104617","Cervicovaginal microbiota dysbiosis correlates with HPV persistent infection"
"114",31954395,"case-control","Homo sapiens","10.1186/s13048-019-0603-4","The differential distribution of bacteria between cancerous and noncancerous ovarian tissues in situ"
"115",30619779,"case-control","Homo sapiens","10.3389/fcimb.2018.00433","The Gastric Microbiome Is Perturbed in Advanced Gastric Adenocarcinoma Identified Through Shotgun Metagenomics"
"116",29950689,"cross-sectional observational, not case-control","Homo sapiens","10.1038/s41598-018-28126-1","A taxonomic signature of obesity in a large study of American adults"
"117",28038683,"case-control","Homo sapiens","10.1186/s40168-016-0218-6","The gut microbiota in conventional and serrated precursors of colorectal cancer"
"118",31834952,"cross-sectional observational, not case-control","Homo sapiens","10.1111/myc.13046","Differences in foot skin microbiomes between patients with type 2 diabetes and healthy individuals"
"119",27640125,"cross-sectional observational, not case-control","Homo sapiens","10.1186/s40168-016-0195-9","Intestinal microbiota in pediatric patients with end stage renal disease: a Midwest Pediatric Nephrology Consortium study"
"120",29362454,"cross-sectional observational, not case-control","Homo sapiens","10.1038/s41598-018-19753-9","Nonalcoholic fatty liver disease is associated with dysbiosis independent of body mass index and insulin resistance"
"121",30545401,"cross-sectional observational, not case-control","Homo sapiens","10.1186/s40168-018-0603-4","A comparative study of the gut microbiota in immune-mediated inflammatory diseases-does a common dysbiosis exist?"
"122",30867711,"case-control","Homo sapiens","10.3892/etm.2019.7200","Differential composition of gut microbiota among healthy volunteers, morbidly obese patients and post-bariatric surgery patients"
"123",31976177,"case-control","Homo sapiens","10.7717/peerj.8317","Alteration of the gut microbiota associated with childhood obesity by 16S rRNA gene sequencing"
"124",32753953,"cross-sectional observational, not case-control","Homo sapiens","10.2147/CMAR.S251021","Signatures of Mucosal Microbiome in Oral Squamous Cell Carcinoma Identified Using a Random Forest Model"
"125",33678150,"case-control","Homo sapiens","10.1080/19490976.2021.1887722","Integrated gut virome and bacteriome dynamics in COVID-19 patients"
"126",27026576,"case-control","Homo sapiens","10.1016/j.oraloncology.2016.03.007","Changes in the salivary microbiota of oral leukoplakia and oral cancer"
"127",25784074,"case-control","Homo sapiens","10.1007/s10620-015-3607-y","Fecal Microbiota in Patients with Irritable Bowel Syndrome Compared with Healthy Controls Using Real-Time Polymerase Chain Reaction: An Evidence of Dysbiosis"
"128",29791788,"case-control","Homo sapiens","10.1111/jam.13929","Shift in skin microbiota of Western European women across aging"
"129",30860574,"case-control","Homo sapiens","10.1093/femsle/fnz020","Variations in early gut microbiome are associated with childhood eczema"
"130",29320965,"case-control","Homo sapiens","10.1089/thy.2017.0395","Alterations of the Gut Microbiota in Hashimoto's Thyroiditis Patients"
"131",28628112,"case-control","Homo sapiens","10.1038/nm.4358","Gut microbiome and serum metabolome alterations in obesity and after weight-loss intervention"
"132",24532064,"case-control","Homo sapiens","10.1128/AEM.00003-14","Altered fecal microbiota composition associated with food allergy in infants"
"133",32353108,"case-control","Homo sapiens","10.1182/bloodadvances.2020001531","Functional and phylogenetic alterations in gut microbiome are linked to graft-versus-host disease severity"
"134",31934770,"cross-sectional observational, not case-control","Homo sapiens","10.1089/chi.2019.0280","Overweight and Obesity in Children Are Associated with an Abundance of Firmicutes and Reduction of Bifidobacterium in Their Gastrointestinal Microbiota"
"135",26745497,"cross-sectional observational, not case-control","Homo sapiens","10.1159/000442479","Gut Microbiota and Metabolic Endotoxemia in Young Obese Mexican Subjects"
"136",31250341,"case-control","Homo sapiens","10.1007/s11684-019-0695-7","Altered intestinal microbiota associated with colorectal cancer"
"137",26428446,"case-control","Homo sapiens","10.1097/PSY.0000000000000247","The Intestinal Microbiota in Acute Anorexia Nervosa and During Renourishment: Relationship to Depression, Anxiety, and Eating Disorder Psychopathology"
"138",30707176,"case-control","Homo sapiens","10.1097/CM9.0000000000000086","Gut microbiota analysis and its significance in vasovagal syncope in children"
"139",30263008,"case-control","Homo sapiens","10.7150/ijbs.24151","Molecular Alteration Analysis of Human Gut Microbial Composition in Graves' disease Patients"
"140",34151035,"cross-sectional observational, not case-control","Homo sapiens","10.1016/j.synbio.2021.06.002","Association between the nasopharyngeal microbiome and metabolome in patients with COVID-19"
"141",30006660,"case-control","Homo sapiens","10.1007/s10096-018-3322-7","Intestinal microbiome as a risk factor for urinary tract infections in children"
"142",28449715,"case-control","Homo sapiens","10.1186/s13073-017-0428-y","Functional implications of microbial and viral gut metagenome changes in early stage L-DOPA-naïve Parkinson's disease patients"
"143",31620923,"case-control","Homo sapiens","10.1007/s11357-019-00098-8","Gastro-intestinal and oral microbiome signatures associated with healthy aging"
"144",33660232,"case-control","Homo sapiens","10.1007/s43032-021-00506-5","Associations Between Endometriosis and Gut Microbiota"
"145",27338587,"case-control","Homo sapiens","10.1186/s40168-016-0171-4","Reduced diversity and altered composition of the gut microbiome in individuals with myalgic encephalomyelitis/chronic fatigue syndrome"
"146",29352709,"cross-sectional observational, not case-control","Homo sapiens","10.1016/j.schres.2018.01.002","Analysis of gut microbiota diversity and auxiliary diagnosis as a biomarker in patients with schizophrenia: A cross-sectional study"
"147",27474122,"case-control","Homo sapiens","10.1016/j.jaci.2016.04.053","The skin microbiome is different in pediatric versus adult atopic dermatitis"
"148",26261039,"cross-sectional observational, not case-control","Homo sapiens","10.1186/s12876-015-0330-2","Comparison of the gut microbiota composition between obese and non-obese individuals in a Japanese population, as analyzed by terminal restriction fragment length polymorphism and next-generation sequencing"
"149",33431578,"case-control","Homo sapiens","10.1136/gutjnl-2020-323020","Gut microbiota composition reflects disease severity and dysfunctional immune responses in patients with COVID-19"
"150",30204780,"case-control","Homo sapiens","10.1371/journal.pone.0203503","Chronic fatigue syndrome patients have alterations in their oral microbiome composition and function"
"151",29576948,"case-control","Homo sapiens","10.7717/peerj.4458","Characterization of the salivary microbiome in people with obesity"
"152",23249810,"case-control","Homo sapiens","10.1128/mBio.00370-12","Twice-daily application of HIV microbicides alter the vaginal microbiota"
"153",33659220,"cross-sectional observational, not case-control","Homo sapiens","10.3389/fcimb.2021.625581","Nasopharyngeal Microbiome Signature in COVID-19 Positive Patients: Can We Definitively Get a Role to <i>Fusobacterium periodonticum</i>?"
"154",30228282,"case-control","Homo sapiens","10.1038/s41598-018-32219-2","Analysis of gut microbiota profiles and microbe-disease associations in children with autism spectrum disorders in China"
"155",25058515,"case-control","Homo sapiens","10.1371/journal.ppat.1004262","The semen microbiome and its relationship with local immunology and viral load in HIV infection"
"156",22356587,"case-control","Homo sapiens","10.1111/j.1365-2982.2012.01893.x","Increase in fecal primary bile acids and dysbiosis in patients with diarrhea-predominant irritable bowel syndrome"
"157",32839514,"case-control","Homo sapiens","10.1038/s41598-020-71102-x","Comparative analysis of racial differences in breast tumor microbiome"
"158",33925708,"case-control","Homo sapiens","10.3390/ijms22094608","Altered Composition of Microbiota in Women with Ovarian Endometrioma: Microbiome Analyses of Extracellular Vesicles in the Peritoneal Fluid"
"159",24316595,"case-control","Homo sapiens","10.1093/jnci/djt300","Human gut microbiome and risk for colorectal cancer"
"160",29522532,"case-control","Homo sapiens","10.1371/journal.pone.0194060","Fluctuations in airway bacterial communities associated with clinical states and disease stages in cystic fibrosis"
"161",28561276,"cross-sectional observational, not case-control","Homo sapiens","10.1111/liv.13485","Intestinal microbiota in patients with chronic hepatitis C with and without cirrhosis compared with healthy controls"
"162",30518941,"case-control","Homo sapiens","10.1038/s41598-018-35877-4","High Abundance of genus Prevotella in the gut of perinatally HIV-infected children is associated with IP-10 levels despite therapy"
"163",24451087,"cross-sectional observational, not case-control","Homo sapiens","10.1186/2049-2618-1-26","HIV Infection is associated with compositional and functional shifts in the rectal mucosal microbiota"
"164",32214153,"case-control","Homo sapiens","10.1038/s41598-020-62224-3","Implication of the gut microbiome composition of type 2 diabetic patients from northern China"
"165",27231166,"case-control","Homo sapiens","10.4103/0366-6999.182841","Imbalance of Fecal Microbiota at Newly Diagnosed Type 1 Diabetes in Chinese Children"
"166",27115405,"case-control","Homo sapiens","10.1007/s00240-016-0882-9","Evidence for a distinct gut microbiome in kidney stone formers compared to non-stone formers"
"167",30782659,"case-control","Homo sapiens","10.1128/mBio.02785-18","Relationship between the Cervical Microbiome, HIV Status, and Precancerous Lesions"
"168",28944067,"case-control","Homo sapiens","10.1136/bmjgast-2017-000145","Intestinal microbiota is altered in patients with colon cancer and modified by probiotic intervention"
"169",31206804,"case-control","Homo sapiens","10.1111/pai.13096","Gut microbial-derived butyrate is inversely associated with IgE responses to allergens in childhood asthma"
"170",27527070,"case-control","Homo sapiens","10.1186/s12864-016-2965-y","Gastrointestinal microbial populations can distinguish pediatric and adolescent Acute Lymphoblastic Leukemia (ALL) at the time of disease diagnosis"
"171",31053143,"cross-sectional observational, not case-control","Homo sapiens","10.1186/s12970-019-0290-y","The combination of sport and sport-specific diet is associated with characteristics of gut microbiota: an observational study"
"172",30261302,"cross-sectional observational, not case-control","Homo sapiens","10.1016/j.bbi.2018.09.026","Gut microbiota composition in patients with newly diagnosed bipolar disorder and their unaffected first-degree relatives"
"173",30088332,"case-control","Homo sapiens","10.1002/mbo3.678","Altered gut microbiota and microbial biomarkers associated with chronic kidney disease"
"174",24614698,"case-control","Homo sapiens","10.1371/journal.pone.0090784","Meconium microbiome analysis identifies bacteria correlated with premature birth"
"175",32258202,"cross-sectional observational, not case-control","Homo sapiens","10.1093/ofid/ofz463","Rectal Microbiome Alterations Associated With Oral Human Immunodeficiency Virus Pre-Exposure Prophylaxis"
"176",31211854,"case-control","Homo sapiens","10.1111/sji.12799","The imbalance of gut microbiota and its correlation with plasma inflammatory cytokines in pemphigus vulgaris patients"
"177",28222761,"case-control","Homo sapiens","10.1186/s40168-017-0242-1","New evidences on the altered gut microbiota in autism spectrum disorders"
"178",27288567,"cross-sectional observational, not case-control","Homo sapiens","10.1016/j.jad.2016.05.038","Possible association of Bifidobacterium and Lactobacillus in the gut microbiota of patients with major depressive disorder"
"179",31354427,"case-control","Homo sapiens","10.3389/fnmol.2019.00171","Gut Microbiota Differs Between Parkinson's Disease Patients and Healthy Controls in Northeast China"
"180",31573753,"case-control","Homo sapiens","10.1111/1471-0528.15972","The association between vaginal bacterial composition and miscarriage: a nested case-control study"
"181",30001426,"case-control","Homo sapiens","10.1371/journal.pone.0200728","Reduced microbiome alpha diversity in young patients with ADHD"
"182",23733170,"case-control","Homo sapiens","10.1007/s00248-013-0245-9","Dysbiosis signature of fecal microbiota in colorectal cancer patients"
"183",31844128,"cross-sectional observational, not case-control","Homo sapiens","10.1038/s41598-019-55720-8","Postmenopause as a key factor in the composition of the Endometrial Cancer Microbiome (ECbiome)"
"184",31141234,"case-control","Homo sapiens","10.1111/1346-8138.14933","Psoriatic patients have a distinct structural and functional fecal microbiota compared with controls"
"185",29411528,"case-control","Homo sapiens","10.1111/jcmm.13508","Alterations in the gut microbiota of patients with acquired immune deficiency syndrome"
"186",27812181,"case-control","Homo sapiens","10.1371/journal.pone.0166026","Altered Gut Microbiota Composition Associated with Eczema in Infants"
"187",21188149,"case-control","Homo sapiens","10.1371/journal.pone.0015216","Disordered microbial communities in the upper respiratory tract of cigarette smokers"
"188",29518419,"case-control","Homo sapiens","10.1016/j.jaci.2018.02.020","The nasal microbiome in asthma"
"189",26682545,"case-control","Homo sapiens","10.1371/journal.pone.0145274","Gut Dysbiosis in Patients with Anorexia Nervosa"
"190",29791775,"case-control","Homo sapiens","10.1111/1471-0528.15299","Vaginal microbiome in early pregnancy and subsequent risk of spontaneous preterm birth: a case-control study"
"191",31891538,"case-control","Homo sapiens","10.1152/ajpendo.00266.2019","Differential intestinal and oral microbiota features associated with gestational diabetes and maternal inflammation"
"192",29327043,"case-control","Homo sapiens","10.1001/jamaoncol.2017.4777","Association of Oral Microbiome With Risk for Incident Head and Neck Squamous Cell Cancer"
"193",32958790,"cross-sectional observational, not case-control","Homo sapiens","10.1038/s41598-020-72035-1","Alteration of salivary microbiome in periodontitis with or without type-2 diabetes mellitus and metformin treatment"
"194",29313867,"cross-sectional observational, not case-control","Homo sapiens",NA,"HPV/Chlamydia trachomatis co-infection: metagenomic analysis of cervical microbiota in asymptomatic women"
"195",29234019,"case-control","Homo sapiens","10.1038/s41598-017-17351-9","Analysis of the cervical microbiome and potential biomarkers from postpartum HIV-positive women displaying cervical intraepithelial lesions"
"196",31619731,"case-control","Homo sapiens","10.1038/s41598-019-51142-8","Alterations to the Gastrointestinal Microbiome Associated with Methamphetamine Use among Young Men who have Sex with Men"
"197",31001490,"case-control","Homo sapiens","10.3389/fcimb.2019.00090","The Gut Microbiome Signatures Discriminate Healthy From Pulmonary Tuberculosis Patients"
"198",34378948,"cross-sectional observational, not case-control","Homo sapiens","10.1128/Spectrum.00708-21","Unique Gut Microbiome in HIV Patients on Antiretroviral Therapy (ART) Suggests Association with Chronic Inflammation"
"199",29608253,"cross-sectional observational, not case-control","Homo sapiens","10.1002/cam4.1471","The direct and indirect association of cervical microbiota with the risk of cervical intraepithelial neoplasia"
"200",33980943,"case-control","Homo sapiens","10.1038/s41598-021-89516-6","The lower respiratory tract microbiome of critically ill patients with COVID-19"
"201",23454028,"case-control","Homo sapiens","10.1016/j.cgh.2013.02.015","Fecal microbiome and volatile organic compound metabolome in obese humans with nonalcoholic fatty liver disease"
"202",32429742,"cross-sectional observational, not case-control","Homo sapiens","10.1089/chi.2019.0312","Gut Bacterial Families Are Associated with Body Composition and Metabolic Risk Markers in School-Aged Children in Rural Mexico"
"203",33613481,"case-control","Homo sapiens","10.3389/fmicb.2021.610370","Characterization of the Oral Microbiome of Medicated Type-2 Diabetes Patients"
"204",34100340,"case-control","Homo sapiens","10.1080/19490976.2021.1926840","The gut microbiome of COVID-19 recovered patients returns to uninfected status in a minority-dominated United States cohort"
"205",31334130,"case-control","Homo sapiens","10.3389/fcimb.2019.00205","Variations in Oral Microbiota Composition Are Associated With a Risk of Throat Cancer"
"206",31619666,"case-control","Homo sapiens","10.1038/s41467-019-12253-y","Microbe-host interplay in atopic dermatitis and psoriasis"
"207",32299442,"cross-sectional observational, not case-control","Homo sapiens","10.1186/s12941-020-00356-0","Microbiota composition and distribution along the female reproductive tract of women with endometriosis"
"208",34055851,"case-control","Homo sapiens","10.3389/fnut.2021.638825","Gut Microbiota May Not Be Fully Restored in Recovered COVID-19 Patients After 3-Month Recovery"
"209",26683192,"case-control","Homo sapiens","10.1371/journal.pone.0145453","Changes in Gut and Plasma Microbiome following Exercise Challenge in Myalgic Encephalomyelitis/Chronic Fatigue Syndrome (ME/CFS)"
"210",30535886,"case-control","Homo sapiens","10.1007/s10620-018-5411-y","Intestinal Microbiota Is Altered in Patients with Gastric Cancer from Shanxi Province, China"
"211",30239655,"cross-sectional observational, not case-control","Homo sapiens","10.1093/ecco-jcc/jjy136","The Human Mesenteric Lymph Node Microbiome Differentiates Between Crohn's Disease and Ulcerative Colitis"
"212",23433344,"case-control","Homo sapiens","10.1186/1741-7015-11-46","Gut microbiota in children with type 1 diabetes differs from that in healthy children: a case-control study"
"213",26901400,"case-control","Homo sapiens","10.1016/j.ejogrb.2016.01.040","Molecular detection of intrauterine microbial colonization in women with endometriosis"
"214",34103263,"cross-sectional observational, not case-control","Homo sapiens","10.1016/j.jmii.2021.03.015","Evaluation of superinfection, antimicrobial usage, and airway microbiome with metagenomic sequencing in COVID-19 patients: A cohort study in Shanghai"
"215",30737418,"case-control","Homo sapiens","10.1038/s41598-018-38031-2","The biodiversity Composition of Microbiome in Ovarian Carcinoma Patients"
"216",27015276,"case-control","Homo sapiens","10.1371/journal.pone.0152126","Fecal Microbiota, Fecal Metabolome, and Colorectal Cancer Interrelations"
"217",28620208,"case-control","Homo sapiens","10.1038/s41598-017-03706-9","Bacterial Diversity of Intestinal Microbiota in Patients with Substance Use Disorders Revealed by 16S rRNA Gene Deep Sequencing"
"218",30669548,"cross-sectional observational, not case-control","Homo sapiens","10.3390/ijms20020438","Gut Microbiota and Predicted Metabolic Pathways in a Sample of Mexican Women Affected by Obesity and Obesity Plus Metabolic Syndrome"
"219",30936882,"case-control","Homo sapiens","10.3389/fimmu.2019.00533","Regulatory T Cells and Plasmacytoid Dendritic Cells Within the Tumor Microenvironment in Gastric Cancer Are Correlated With Gastric Microbiota Dysbiosis: A Preliminary Study"
"220",31201284,"cross-sectional observational, not case-control","Homo sapiens","10.1136/gutjnl-2018-317836","Alterations of gut microbiome in autoimmune hepatitis"
"221",31182740,"cross-sectional observational, not case-control","Homo sapiens","10.1038/s41598-019-44674-6","Oral microbial dysbiosis linked to worsened periodontal condition in rheumatoid arthritis patients"
"222",30029052,"cross-sectional observational, not case-control","Homo sapiens","10.1016/j.jpsychires.2018.07.007","Altered gut microbiota profile in patients with generalized anxiety disorder"
"223",31215600,"cross-sectional observational, not case-control","Homo sapiens","10.1590/1678-7757-2018-0635","Relationship between acetaldehyde concentration in mouth air and characteristics of microbiota of tongue dorsum in Japanese healthy adults: a cross-sectional study"
"224",32237205,"case-control","Homo sapiens","10.1002/cam4.3027","Comparison of vaginal microbiota in gynecologic cancer patients pre- and post-radiation therapy and healthy women"
"225",33986253,"cross-sectional observational, not case-control","Homo sapiens","10.1038/s41392-021-00614-3","Metagenomic analysis reveals oropharyngeal microbiota alterations in patients with COVID-19"
"226",31247001,"case-control","Homo sapiens","10.1371/journal.pone.0218252","The oral microbiome of early stage Parkinson's disease and its relationship with functional measures of motor and non-motor function"
"227",33219095,"cross-sectional observational, not case-control","Homo sapiens","10.1128/mBio.01969-20","Metagenomic Next-Generation Sequencing of Nasopharyngeal Specimens Collected from Confirmed and Suspect COVID-19 Patients"
"228",28442250,"case-control","Homo sapiens","10.1016/j.schres.2017.04.017","Analysis of microbiota in first episode psychosis identifies preliminary associations with symptom severity and treatment response"
"229",24399150,"cross-sectional observational, not case-control","Homo sapiens","10.1038/mi.2013.116","An altered intestinal mucosal microbiome in HIV-1 infection is associated with mucosal and systemic immune activation and endotoxemia"
"230",30568265,"cross-sectional observational, not case-control","Homo sapiens",NA,"Gut microbiota and overweight in 3-year old children"
"231",31841737,"case-control","Homo sapiens","10.1016/j.jneuroim.2019.577126","Dysbiosis of gut microbiota in patients with neuromyelitis optica spectrum disorders: A cross sectional study"
"232",34382150,"case-control","Homo sapiens","10.1007/s12275-021-1206-5","Linking the gut microbiota to persistent symptoms in survivors of COVID-19 after discharge"
"233",28500319,"case-control","Homo sapiens","10.1038/s41598-017-02067-7","Airway Microbial Diversity is Inversely Associated with Mite-Sensitized Rhinitis and Asthma in Early Childhood"
"234",31749298,"cross-sectional observational, not case-control","Homo sapiens","10.1111/1471-0528.15981","The vaginal metabolome and microbiota of cervical HPV-positive and HPV-negative women: a cross-sectional analysis"
"235",28743816,"case-control","Homo sapiens","10.1128/mBio.00996-17","Penile Anaerobic Dysbiosis as a Risk Factor for HIV Infection"
"236",29922272,"case-control","Homo sapiens","10.3389/fmicb.2018.01210","Gut Microbiota Markers in Obese Adolescent and Adult Patients: Age-Dependent Differential Patterns"
"237",33251163,"cross-sectional observational, not case-control","Homo sapiens","10.3389/fcimb.2020.602239","Salivary Oral Microbiome of Children With Juvenile Idiopathic Arthritis: A Norwegian Cross-Sectional Study"
"238",28328799,"cross-sectional observational, not case-control","Homo sapiens","10.1097/MD.0000000000005821","Oral microbiome in HIV-associated periodontitis"
"239",29538354,"cross-sectional observational, not case-control","Homo sapiens","10.1038/pr.2018.29","Maternal influence on the fetal microbiome in a population-based study of the first-pass meconium"
"240",29520144,"case-control","Homo sapiens","10.2147/NDT.S159322","Sex differences in gut microbiota in patients with major depressive disorder"
"241",30416659,"case-control","Homo sapiens",NA,"Alterations of fecal bacterial communities in patients with lung cancer"
"242",28624933,"cross-sectional observational, not case-control","Homo sapiens","10.1007/s13105-017-0570-4","Influence of food consumption patterns and Galician lifestyle on human gut microbiota"
"243",29774014,"case-control","Homo sapiens","10.3389/fmicb.2018.00862","Oral Microbiota Community Dynamics Associated With Oral Squamous Cell Carcinoma Staging"
"244",27176462,"case-control","Homo sapiens","10.1111/ene.13026","Gut microbiota in early pediatric multiple sclerosis: a case-control study"
"245",21850056,"case-control","Homo sapiens","10.1038/ismej.2011.109","Structural segregation of gut microbiota between colorectal cancer patients and healthy volunteers"
"246",30764497,"case-control","Homo sapiens","10.3390/nu11020337","Autism Spectrum Disorder (ASD) with and without Mental Regression is Associated with Changes in the Fecal Microbiota"
"247",29624747,"case-control","Homo sapiens","10.1111/pai.12904","Fecal microbiome signatures are different in food-allergic children compared to siblings and healthy children"
"248",21741921,"case-control","Homo sapiens","10.1053/j.gastro.2011.06.072","Gastrointestinal microbiome signatures of pediatric patients with irritable bowel syndrome"
"249",28924229,"case-control","Homo sapiens","10.1038/s41598-017-11779-9","Variations in oral microbiota associated with oral cancer"
"250",29207565,"cross-sectional observational, not case-control","Homo sapiens","10.3390/genes8120364","Delivery Mode and the Transition of Pioneering Gut-Microbiota Structure, Composition and Predicted Metabolic Function"
"251",31464899,"case-control","Homo sapiens","10.1097/MD.0000000000016626","Gut microbiota shifts in patients with gastric cancer in perioperative period"
"252",31087436,"cross-sectional observational, not case-control","Homo sapiens","10.1111/aji.13147","Molecular detection of microbial colonization in cervical mucus of women with and without endometriosis"
"253",31231345,"case-control","Homo sapiens","10.3389/fmicb.2019.01261","Mucosa-Associated Microbiota in Gastric Cancer Tissues Compared With Non-cancer Tissues"
"254",23459324,"case-control","Homo sapiens","10.1038/ijo.2013.20","Correlation between body mass index and gut concentrations of Lactobacillus reuteri, Bifidobacterium animalis, Methanobrevibacter smithii and Escherichia coli"
"255",25104642,"case-control","Homo sapiens","10.1158/1940-6207.CAPR-14-0129","The human gut microbiome as a screening tool for colorectal cancer"
"256",27625705,"case-control","Homo sapiens","10.1186/s13099-016-0124-2","Gut microbiome alterations in patients with stage 4 hepatitis C"
"257",22949626,"cross-sectional observational, not case-control","Homo sapiens","10.1093/jac/dks348","Alterations in intestinal microbiota of elderly Irish subjects post-antibiotic therapy"
"258",30927646,"case-control","Homo sapiens","10.1016/j.jpsychires.2019.03.017","Similarly in depression, nuances of gut microbiota: Evidences from a shotgun metagenomics sequencing study on major depressive disorder versus bipolar disorder with current major depressive episode patients"
"259",28173873,"case-control","Homo sapiens","10.1186/s13073-017-0405-5","Microbiomic differences in tumor and paired-normal tissue in head and neck squamous cell carcinomas"
"260",15987522,"case-control","Homo sapiens","10.1186/1479-5876-3-27","The salivary microbiota as a diagnostic indicator of oral cancer: a descriptive, non-randomized study of cancer-free and oral squamous cell carcinoma subjects"
"261",32235826,"case-control","Homo sapiens","10.1073/pnas.0406811102","Metagenome-wide association of gut microbiome features for schizophrenia"
"262",26663491,"case-control","Homo sapiens","10.1111/pai.12522","Alterations in the gut microbiotas of children with food sensitization in early life"
"263",34058978,"cross-sectional observational, not case-control","Homo sapiens","10.1186/s12575-021-00148-6","Nasopharyngeal Microbiota in SARS-CoV-2 Positive and Negative Patients"
"264",28765474,"cross-sectional observational, not case-control","Homo sapiens","10.1136/gutjnl-2017-314281","Mucosal microbiome dysbiosis in gastric carcinogenesis"
"265",33672177,"case-control","Homo sapiens","10.3390/ijerph18042174","Investigation of Nasal/Oropharyngeal Microbial Community of COVID-19 Patients by 16S rDNA Sequencing"
"266",27259999,"case-control","Homo sapiens","10.18632/oncotarget.9710","16S rRNA amplicon sequencing identifies microbiota associated with oral cancer, human papilloma virus infection and surgical treatment"
"267",27988330,"case-control","Homo sapiens","10.1016/j.jpsychires.2016.12.007","The gut microbiome composition associates with bipolar disorder and illness severity"
"268",29031597,"case-control","Homo sapiens","10.1016/j.jaci.2017.09.018","Lower airway microbiota and mycobiota in children with severe asthma"
"269",29317709,"case-control","Homo sapiens","10.1038/s41598-017-18596-0","Increased Abundance of Clostridium and Fusobacterium in Gastric Microbiota of Patients with Gastric Cancer in Taiwan"
"270",31379800,"case-control","Homo sapiens","10.3389/fmicb.2019.01664","The Microbiome of Prostate Fluid Is Associated With Prostate Cancer"
"271",27229737,"case-control","Homo sapiens","10.1038/srep26752","Weight gain in anorexia nervosa does not ameliorate the faecal microbiota, branched chain fatty acid profiles, and gastrointestinal complaints"
"272",33313185,"cross-sectional observational, not case-control","Homo sapiens","10.21037/atm-20-1309","Microbiome of the lower genital tract in Chinese women with endometriosis by 16s-rRNA sequencing technique: a pilot study"
"273",29859859,"case-control","Homo sapiens","10.1016/j.schres.2018.05.017","Changes in metabolism and microbiota after 24-week risperidone treatment in drug naïve, normal weight patients with first episode schizophrenia"
"274",33850111,"cross-sectional observational, not case-control","Homo sapiens","10.1038/s41421-021-00257-2","Characterization of respiratory microbial dysbiosis in hospitalized COVID-19 patients"
"275",25764541,"case-control","Homo sapiens","10.1093/femsec/fiu002","Altered gut microbial energy and metabolism in children with non-alcoholic fatty liver disease"
"276",27741466,"case-control","Homo sapiens","10.1016/j.jad.2016.09.051","Prevotella and Klebsiella proportions in fecal microbial communities are potential characteristic parameters for patients with major depressive disorder"
"277",31500892,"case-control","Homo sapiens","10.1016/j.ygyno.2019.09.002","Gut microbial diversity and genus-level differences identified in cervical cancer patients versus healthy controls"
"278",23791918,"case-control","Homo sapiens","10.1016/j.anaerobe.2013.06.002","High-throughput 16S rRNA gene sequencing reveals alterations of intestinal microbiota in myalgic encephalomyelitis/chronic fatigue syndrome patients"
"279",30268819,"cross-sectional observational, not case-control","Homo sapiens","10.1016/j.schres.2018.09.014","Differences in gut microbiome composition between persons with chronic schizophrenia and healthy comparison subjects"
"280",31727922,"case-control",NA,"10.1038/s41598-019-53041-4","Fecal microbiome signatures of pancreatic cancer patients"
"281",29180991,"case-control","Homo sapiens","10.3389/fmicb.2017.02222","Gut Microbial Dysbiosis Is Associated with Altered Hepatic Functions and Serum Metabolites in Chronic Hepatitis B Patients"
"282",32941440,"cross-sectional observational, not case-control","Homo sapiens","10.1371/journal.pone.0238705","Changes of vaginal microbiota during cervical carcinogenesis in women with human papillomavirus infection"
"283",26288821,"case-control","Homo sapiens","10.1016/j.ebiom.2015.04.010","Fecal Microbiota Characteristics of Patients with Colorectal Adenoma Detected by Screening: A Population-based Study"
"284",26935422,"cross-sectional observational, not case-control","Homo sapiens","10.1158/1940-6207.CAPR-15-0350","Cervical Microbiota Associated with Higher Grade Cervical Intraepithelial Neoplasia in Women Infected with High-Risk Human Papillomaviruses"
"285",30674011,"cross-sectional observational, not case-control","Homo sapiens","10.1007/s40618-019-1010-9","Alterations in the intestinal microbiota of patients with severe and active Graves' orbitopathy: a cross-sectional study"
"286",33224990,"cross-sectional observational, not case-control","Homo sapiens","10.1155/2020/8842651","The Alteration in Composition and Function of Gut Microbiome in Patients with Type 2 Diabetes"
"287",29525681,"case-control","Homo sapiens","10.1016/j.intimp.2018.03.003","Gut microbiota dysbiosis is associated with Henoch-Schönlein Purpura in children"
"288",23032991,"case-control","Homo sapiens","10.1038/tpj.2012.43","Metagenomic sequencing of the human gut microbiome before and after bariatric surgery in obese patients with type 2 diabetes: correlation with inflammatory and metabolic parameters"
"289",30292647,"case-control","Homo sapiens","10.1016/j.resmic.2018.09.002","Structural and functional profiles of the gut microbial community in polycystic ovary syndrome with insulin resistance (IR-PCOS): a pilot study"
"290",32546712,"cross-sectional observational, not case-control","Homo sapiens","10.1038/s41598-020-66607-4","Taxonomic and Functional Differences in Cervical Microbiome Associated with Cervical Cancer Development"
"291",29501802,"case-control","Homo sapiens","10.1016/j.bbi.2018.02.016","Alteration of the fecal microbiota in Chinese patients with Parkinson's disease"
"292",30838178,"case-control","Homo sapiens","10.3389/fcimb.2019.00028","Infectious Complications Are Associated With Alterations in the Gut Microbiome in Pediatric Patients With Acute Lymphoblastic Leukemia"
"293",31794002,"cross-sectional observational, not case-control","Homo sapiens","10.1093/ntr/ntz220","The Association Between Smoking and Gut Microbiome in Bangladesh"
"294",24265786,"case-control","Homo sapiens","10.1371/journal.pone.0079812","Diverse vaginal microbiomes in reproductive-age women with vulvovaginal candidiasis"
"295",30131575,"cross-sectional observational, not case-control","Homo sapiens","10.1038/s41598-018-30428-3","Gut microbiota composition and butyrate production in children affected by non-IgE-mediated cow's milk allergy"
"296",32656096,"cross-sectional observational, not case-control","Homo sapiens","10.3389/fcimb.2020.00286","The Alterations of Vaginal Microbiome in HPV16 Infection as Identified by Shotgun Metagenomic Sequencing"
"297",29196415,"case-control","Homo sapiens","10.1158/0008-5472.CAN-17-1296","Oral Microbiome Composition Reflects Prospective Risk for Esophageal Cancers"
"298",33839907,"case-control","Homo sapiens","10.1097/PGP.0000000000000080","Gut microbiota imbalance and its correlations with hormone and inflammatory factors in patients with stage 3/4 endometriosis"
"299",33978940,"case-control","Homo sapiens","10.1007/s12250-021-00391-x","Enriched Opportunistic Pathogens Revealed by Metagenomic Sequencing Hint Potential Linkages between Pharyngeal Microbiota and COVID-19"
"300",26457297,"case-control","Homo sapiens","10.1155/2015/173729","Variations of Tongue Coating Microbiota in Patients with Gastric Cancer"
"301",33531650,"case-control","Homo sapiens","10.1038/s41598-021-82538-0","Alterations in the gut bacterial microbiome in people with type 2 diabetes mellitus and diabetic retinopathy"
"302",26606973,"case-control","Homo sapiens","10.1038/srep17098","Decreased Diversity of the Oral Microbiota of Patients with Hepatitis B Virus-Induced Chronic Liver Disease: A Pilot Project"
"303",26151645,"case-control","Homo sapiens","10.1038/ismej.2015.99","Dysbiosis of upper respiratory tract microbiota in elderly pneumonia patients"
"304",32777190,"cross-sectional observational, not case-control","Homo sapiens","10.1177/2380084420948779","Subgingival Microbiota during Healthy Pregnancy and Pregnancy Gingivitis"
"305",21885731,"cross-sectional observational, not case-control","Homo sapiens","10.1126/science.1208344","Linking long-term dietary patterns with gut microbial enterotypes"
"306",28441964,"case-control","Homo sapiens","10.1186/s40168-017-0261-y","Fecal metagenomic profiles in subgroups of patients with myalgic encephalomyelitis/chronic fatigue syndrome"
"307",25944283,"case-control","Homo sapiens","10.1111/cea.12566","Gut microbiome and innate immune response patterns in IgE-associated eczema"
"308",27007700,"case-control","Homo sapiens","10.1089/chi.2015.0194","Relative Abundance in Bacterial and Fungal Gut Microbes in Obese Children: A Case Control Study"
"309",33596245,"cross-sectional observational, not case-control","Homo sapiens","10.1371/journal.pone.0247041","16S rRNA gene sequencing of rectal swab in patients affected by COVID-19"
"310",30188331,"cross-sectional observational, not case-control","Homo sapiens","10.1097/GME.0000000000001202","Inter-relationship between diet, lifestyle habits, gut microflora, and the equol-producer phenotype: baseline findings from a placebo-controlled intervention trial"
"311",29687353,"case-control","Homo sapiens","10.1007/s00430-018-0542-5","Gut microbiome of Moroccan colorectal cancer patients"
"312",30986570,"cross-sectional observational, not case-control","Homo sapiens","10.1016/j.pvr.2019.04.006","The cervical microbiota in reproductive-age South African women with and without human papillomavirus infection"
"313",29955075,"cross-sectional observational, not case-control","Homo sapiens","10.1038/s41598-018-27980-3","HPV infection and bacterial microbiota in the placenta, uterine cervix and oral mucosa"
"314",19903265,"case-control","Homo sapiens","10.1111/j.1365-2982.2009.01427.x","Altered profiles of intestinal microbiota and organic acids may be the origin of symptoms in irritable bowel syndrome"
"315",32497191,"cross-sectional observational, not case-control","Homo sapiens","https://doi.org/10.1093/cid/ciaa709","Alterations of the Gut Microbiota in Patients With Coronavirus Disease 2019 or H1N1 Influenza"
"316",29221120,"case-control","Homo sapiens","10.18632/oncotarget.18820","Gut microbial profile analysis by MiSeq sequencing of pancreatic carcinoma patients in China"
"317",31152265,"case-control","Homo sapiens","10.1007/s10096-019-03598-9","Alterations in the skin microbiome are associated with disease severity and treatment in the perioral zone of the skin of infants with atopic dermatitis"
"318",25761741,"cross-sectional observational, not case-control","Homo sapiens","10.1007/s10096-015-2355-4","Study of the diversity and short-chain fatty acids production by the bacterial community in overweight and obese Mexican children"
"319",23758857,"cross-sectional observational, not case-control","Homo sapiens","10.1186/1471-2334-13-271","Comparison of the vaginal microbiota diversity of women with and without human papillomavirus infection: a cross-sectional study"
"320",33572693,"cross-sectional observational, not case-control","Homo sapiens","10.3390/microorganisms9020294","Potential Association between Vaginal Microbiota and Cervical Carcinogenesis in Korean Women: A Cohort Study"
"321",24421902,"case-control","Homo sapiens","10.1371/journal.pone.0083744","Microbial dysbiosis is associated with human breast cancer"
"322",28808698,"case-control","Homo sapiens","10.3290/j.cjdr.a38769","Subgingival Microbiome of Gingivitis in Chinese Undergraduates"
"323",31126003,"cross-sectional observational, not case-control","Homo sapiens","10.1016/j.envpol.2018.12.083","Air pollution during the winter period and respiratory tract microbial imbalance in a healthy young population in Northeastern China"
"324",29771400,"cross-sectional observational, not case-control","Homo sapiens","10.26355/eurrev_201805_14899","Inflammatory cytokines IL-6, IL-10, IL-13, TNF-a and peritoneal fluid flora were associated with infertility in patients with endometriosis"
"325",29083504,"case-control","Homo sapiens","10.1002/hep.29623","The circulating microbiome signature and inferred functional metagenomics in alcoholic hepatitis"
"326",25239901,"case-control","Homo sapiens","10.1128/AEM.02329-14","Microbiota in the Throat and Risk Factors for Laryngeal Carcinoma"
"327",31682463,"cross-sectional observational, not case-control","Homo sapiens","10.1164/rccm.201905-1016OC","Alterations in Oral Microbiota in HIV Are Related to Decreased Pulmonary Function"
"328",29935270,"case-control","Homo sapiens","10.1016/j.anaerobe.2018.06.009","Composition and metabolism of fecal microbiota from normal and overweight children are differentially affected by melibiose, raffinose and raffinose-derived fructans"
"329",30355393,"case-control","Homo sapiens","10.1017/S0007114518002465","Association of dietary fibre intake and gut microbiota in adults"
"330",22546742,"case-control","Homo sapiens","10.1038/oby.2012.110","The microbiota of the gut in preschool children with normal and excessive body weight"
"331",29765068,"cross-sectional observational, not case-control","Homo sapiens","10.1038/s41598-018-25879-7","Linking cervicovaginal immune signatures, HPV and microbiota composition in cervical carcinogenesis in non-Hispanic and Hispanic women"
"332",27450202,"case-control","Homo sapiens","10.1111/1462-2920.13463","Pediatric obesity is associated with an altered gut microbiota and discordant shifts in Firmicutes populations"
"333",32334937,"cross-sectional observational, not case-control","Homo sapiens","10.1016/j.schres.2020.03.010","The oropharyngeal microbiome is altered in individuals with schizophrenia and mania"
"334",31078141,"case-control","Homo sapiens","10.1186/s40168-019-0687-5","Evolution of the gut microbiome following acute HIV-1 infection"
"335",31205521,"case-control","Homo sapiens","10.7150/jca.28077","Salivary Microbial Dysbiosis is Associated with Systemic Inflammatory Markers and Predicted Oral Metabolites in Non-Small Cell Lung Cancer Patients"
"336",25319745,"cross-sectional observational, not case-control","Homo sapiens","10.1002/art.38892","Decreased bacterial diversity characterizes the altered gut microbiota in patients with psoriatic arthritis, resembling dysbiosis in inflammatory bowel disease"
"337",31808612,"case-control","Homo sapiens","10.1111/jcmm.14880","Association of suboptimal health status with intestinal microbiota in Chinese youths"
"338",33828910,"case-control","Homo sapiens","10.7717/peerj.10952","Characteristics of the gut microbiome in patients with prediabetes and type 2 diabetes"
"339",30405584,"cross-sectional observational, not case-control","Homo sapiens","10.3389/fmicb.2018.02533","Cervicovaginal Fungi and Bacteria Associated With Cervical Intraepithelial Neoplasia and High-Risk Human Papillomavirus Infections in a Hispanic Population"
"340",26729566,"case-control","Homo sapiens","10.1038/srep18594","Different gastric microbiota compositions in two human populations with high and low gastric cancer risk in Colombia"
"341",29808701,"case-control","Homo sapiens","10.1089/AID.2017.0200","Oral Microbiome in HIV-Infected Women: Shifts in the Abundance of Pathogenic and Beneficial Bacteria Are Associated with Aging, HIV Load, CD4 Count, and Antiretroviral Therapy"
"342",30584008,"case-control","Homo sapiens","10.1016/j.ebiom.2018.12.034","Alterations of gastric mucosal microbiota across different stomach microhabitats in a cohort of 276 patients with gastric cancer"
"343",29190829,"case-control","Homo sapiens","10.1371/journal.pone.0188873","A comprehensive analysis of breast cancer microbiota and host gene expression"
"344",27381339,"case-control","Homo sapiens","10.4014/jmb.1603.03057","Microbial Community of Healthy Thai Vegetarians and Non-Vegetarians, Their Core Gut Microbiota, and Pathogen Risk"
"345",29971220,"cross-sectional observational, not case-control","Homo sapiens","10.3389/fcimb.2018.00202","Association Between Gut Microbiota and <i>Helicobacter pylori</i>-Related Gastric Lesions in a High-Risk Population of Gastric Cancer"
"346",30366118,"case-control","Homo sapiens","10.1016/j.anaerobe.2018.10.009","The gut microbiome of Mexican children affected by obesity"
"347",34199203,"cross-sectional observational, not case-control","Homo sapiens","10.3390/microorganisms9061292","Gut Dysbiosis and IL-21 Response in Patients with Severe COVID-19"
"348",32192080,"case-control","Homo sapiens","10.3390/diagnostics10030163","Microbiome Profile of Deep Endometriosis Patients: Comparison of Vaginal Fluid, Endometrium and Lesion"
"349",33294219,"case-control","Homo sapiens","10.1155/2020/1957843","Distinct Features of Gut Microbiota in High-Altitude Tibetan and Middle-Altitude Han Hypertensive Patients"
"350",23940645,"case-control","Homo sapiens","10.1371/journal.pone.0070803","Stool microbiome and metabolome differences between colorectal cancer patients and healthy adults"
"351",26551842,"cross-sectional observational, not case-control","Homo sapiens","10.1016/j.cmi.2015.10.031","Correlation between body mass index and faecal microbiota from children"
"352",30418043,"case-control","Homo sapiens","10.1556/030.65.2018.045","Iron deficiency anemia-related gut microbiota dysbiosis in infants and young children: A pilot study"
"353",30854760,"case-control","Homo sapiens","10.1111/1471-0528.15600","Prospective observational study of vaginal microbiota pre- and post-rescue cervical cerclage"
"354",33681234,"case-control","Homo sapiens","10.3389/fmed.2020.00538","Self-Balance of Intestinal Flora in Spouses of Patients With Rheumatoid Arthritis"
"355",28429209,"cross-sectional observational, not case-control","Homo sapiens","10.1007/s10517-017-3700-7","Analysis of Gut Microbiota in Patients with Parkinson's Disease"
"356",30051546,"cross-sectional observational, not case-control","Homo sapiens","10.1111/bdi.12682","A step ahead: Exploring the gut microbiota in inpatients with bipolar disorder during a depressive episode"
"357",27477587,"case-control","Homo sapiens","10.1038/srep30673","Alterations in the Fecal Microbiota of Patients with HIV-1 Infection: An Observational Study in A Chinese Population"
"358",31109865,"case-control","Homo sapiens","10.1016/j.job.2019.03.003","Analysis of oral microbiota in Japanese oral cancer patients using 16S rRNA sequencing"
"359",26574055,"cross-sectional observational, not case-control","Homo sapiens","10.1038/srep16865","Cervical intraepithelial neoplasia disease progression is associated with increased vaginal microbiome diversity"
"360",33193081,"cross-sectional observational, not case-control","Homo sapiens","10.3389/fendo.2020.550319","The Association Between Gestational Diabetes and Microbiota in Placenta and Cord Blood"
"361",32763534,"case-control","Homo sapiens","10.1016/j.psychres.2020.113260","Analysis of the diversity of intestinal microbiome and its potential value as a biomarker in patients with schizophrenia: A cohort study"
"362",29988340,"cross-sectional observational, not case-control","Homo sapiens","10.3389/fmicb.2018.01250","Body Mass Index Differences in the Gut Microbiota Are Gender Specific"
"363",32341759,"cross-sectional observational, not case-control","Homo sapiens","10.1080/20002297.2020.1742527","The relationship between cigarette smoking and the tongue microbiome in an East Asian population"
"364",23613868,"case-control","Homo sapiens","10.1371/journal.pone.0061516","Investigation of the effect of type 2 diabetes mellitus on subgingival plaque microbiota by high-throughput 16S rDNA pyrosequencing"
"365",32009325,"case-control","Homo sapiens","10.4168/aair.2020.12.2.322","Imbalance of Gut <i>Streptococcus</i>, <i>Clostridium</i>, and <i>Akkermansia</i> Determines the Natural Course of Atopic Dermatitis in Infant"
"366",29051531,"case-control","Homo sapiens","10.1038/s41598-017-13601-y","Gut microbiome alterations in Alzheimer's disease"
"367",21829158,"case-control","Homo sapiens","10.1038/ijo.2011.153","Obesity-associated gut microbiota is enriched in Lactobacillus reuteri and depleted in Bifidobacterium animalis and Methanobrevibacter smithii"
"368",30548192,"case-control","Homo sapiens","10.1111/1462-2920.14498","Gut microbiota in patients after surgical treatment for colorectal cancer"
"369",26431583,"case-control","Homo sapiens","10.1016/j.jaci.2015.08.021","Faecalibacterium prausnitzii subspecies-level dysbiosis in the human gut microbiome underlying atopic dermatitis"
"370",27228093,"cross-sectional observational, not case-control","Homo sapiens","10.1371/journal.pone.0154090","Intestinal Microbiota Is Influenced by Gender and Body Mass Index"
"371",31481657,"case-control","Homo sapiens","10.1038/s41598-019-48768-z","Microbiomic differences at cancer-prone oral mucosa sites with marijuana usage"
"372",32931909,"case-control","Homo sapiens","10.1016/j.anai.2020.09.007","Sex effects in the association between airway microbiome and asthma"
"373",26230509,"case-control","Homo sapiens","10.1371/journal.pone.0134333","Obesity Alters the Microbial Community Profile in Korean Adolescents"
"374",32842982,"cross-sectional observational, not case-control","Homo sapiens","0.1186/s12879-020-05324-9","Human papillomavirus infection and cervical intraepithelial neoplasia progression are associated with increased vaginal microbiome diversity in a Chinese cohort"
"375",32307692,"cross-sectional observational, not case-control","Homo sapiens","10.1111/acps.13175","The gut microbiome and inflammation in obsessive-compulsive disorder patients compared to age- and sex-matched controls: a pilot study"
"376",31245306,"case-control","Homo sapiens","10.3389/fcimb.2019.00206","Alterations to the Gut Microbiota and Their Correlation With Inflammatory Factors in Chronic Kidney Disease"
"377",33806027,"cross-sectional observational, not case-control","Homo sapiens","10.3390/nu13041066","Analysis of the Gut Mycobiome in Adult Patients with Type 1 and Type 2 Diabetes Using Next-Generation Sequencing (NGS) with Increased Sensitivity-Pilot Study"
"378",30237489,"case-control","Homo sapiens","10.1038/s41424-018-0048-x","Meconium microbiome associates with the development of neonatal jaundice"
"379",30153231,"case-control","Homo sapiens","10.1097/INF.0000000000002174","Pneumococcal Colonization and the Nasopharyngeal Microbiota of Children in Botswana"
"380",33663411,"case-control","Homo sapiens","10.1186/s12876-021-01693-w","Gut microbiota composition and functional prediction in diarrhea-predominant irritable bowel syndrome"
"381",29388394,"case-control","Homo sapiens","10.1111/ijpo.12262","Composition of gut microbiota in obese and normal-weight Mexican school-age children and its association with metabolic traits"
